---
layout:
---
<?xml version="1.0" encoding="UTF-8"?>
<rss version="2.0" xmlns:atom="http://www.w3.org/2005/Atom">
  <channel>
    <title>{{ site.title | xml_escape }}</title>
    <description>{{ site.description | xml_escape }}</description>
    <link>{{ site.url }}{{ site.baseurl }}/</link>
    <atom:link href="{{ "/feed.xml" | prepend: site.baseurl | prepend: site.url }}" rel="self" type="application/rss+xml" />
    {% for post in site.posts limit:10 %}
      <item>
        <title>{{ post.title | xml_escape }}</title>
        <description>{{ post.content | xml_escape }}</description>
        <pubDate>{{ post.date | date: "%a, %d %b %Y %H:%M:%S %z" }}</pubDate>
        <link>{{ post.url | prepend: site.baseurl | prepend: site.url }}</link>
        <guid isPermaLink="true">{{ post.url | prepend: site.baseurl | prepend: site.url }}</guid>
      </item>
    {% endfor %}
  </channel>
</rss>
