<?xml version="1.0" encoding="UTF-8"?>
<?xml-stylesheet type="text/xsl" href="GreenButtonDataStyleSheet.xslt"?>
<!--
=========================================================
=========================================================
=========================================================
=========================================================
=========================================================
=========================================================

To view this data file in a browser in a more readable tabluar form
please download the GreenButtonDataStyleSheet.xslt file by copying and
pasting the following link in your browser and place the file in the same
directory as this XML file:
=====|
http://www.greenbuttondata.org/data/downloading.aspx?file=GreenButtonDataStyleSheet.xslt
|=====

Please leave this heading comment section in this file.

=========================================================
=========================================================
=========================================================
=========================================================
=========================================================
=========================================================
-->
<!--
==========================================================================
Sample Green Button Data File:  BatchFeedThreeUsagePoints_M.xml
Version: 0.7 20120116
     Author: Ron Pasquarelli, Marty Burns (Hypertek for EnerNex)
     Notice: This is draft prototype developed for SGIP by the Administrator Technical Team (EnerNex)
==========================================================================

Data provided by San Diego Gas and Electric.  Data is Informational only and SDG&E does not warrant or is any way responsible for any outcomes when using this data.

-->
<feed xml:base="https://agreatUtility.com/DataCustodian/" xmlns="http://www.w3.org/2005/Atom" xmlns:xsi="http://www.w3.org/2001/XMLSchema-instance" xsi:schemaLocation="http://naesb.org/espi espiDerived.xsd">
	<id>urn:uuid:e7ba378d-d3ce-4273-88a4-4f56bac10f0c</id>
	<title>PowerTools</title>
	<updated>2011-06-06T15:29:00Z</updated>
	<link rel="self" href="ThirdParty/10002/Batch"/>
	<!-- 
	=============================================================================
		Usage Point One : RetailCustomer/4299914/UsagePoint/4284792
	=============================================================================
	-->
	<entry>
		<id>urn:uuid:11f9c845-51bc-47b3-b93e-73744cf8b9c0</id>
		<link href="RetailCustomer/4299914/UsagePoint/4284792" rel="self"/>
		<link href="RetailCustomer/4299914/UsagePoint/" rel="up"/>
		<link href="RetailCustomer/4299914/UsagePoint/4284792/MeterReading" rel="related"/>
		<content>
			<UsagePoint xmlns="http://naesb.org/espi">
				<ServiceCategory>
					<kind>0</kind>
				</ServiceCategory>
				<status>1</status>
			</UsagePoint>
		</content>
		<published>2011-06-06T07:00:00Z</published>
		<updated>2011-06-06T07:00:00Z</updated>
		<title>a galaxy far, far away</title>
	</entry>
	<entry>
		<id>urn:uuid:939bfdfd-855a-47bd-9905-403bf36d7eb8</id>
		<title>Energy Consumption - 15 Minutes Interval</title>
		<link href="RetailCustomer/4299914/UsagePoint/4284792/MeterReading/1" rel="self"/>
		<link href="RetailCustomer/4299914/UsagePoint/4284792/MeterReading" rel="up"/>
		<link href="RetailCustomer/4299914/UsagePoint/4284792/MeterReading/1/IntervalBlock" rel="related"/>
		<link href="ReadingType/02" rel="related"/>
		<content>
			<MeterReading xmlns="http://naesb.org/espi"/>
		</content>
		<published>2011-06-06T07:00:00Z</published>
		<updated>2011-06-06T07:00:00Z</updated>
	</entry>
	<entry>
		<id>urn:uuid:939bfdfd-855a-47bd-9905-403bf36d7eb8</id>
		<link href="ReadingType/02" rel="self"/>
		<link href="ReadingType" rel="up"/>
		<title>Energy Delivered (kWh)</title>
		<content>
			<ReadingType xmlns="http://naesb.org/espi">
				<accumulationBehaviour>4</accumulationBehaviour>
				<commodity>1</commodity>
				<dataQualifier>0</dataQualifier>
				<flowDirection>1</flowDirection>
				<kind>12</kind>
				<phase>0</phase>
				<powerOfTenMultiplier>0</powerOfTenMultiplier>
				<timeAttribute>2</timeAttribute>
				<uom>72</uom>
			</ReadingType>
		</content>
		<published>2011-06-06T07:00:00Z</published>
		<updated>2011-06-06T07:00:00Z</updated>
	</entry>
	<entry>
		<id>urn:uuid:939bfdfd-855a-47bd-9905-403bf36d7eb8</id>
		<link href="RetailCustomer/4299914/UsagePoint/4284792/MeterReading/1/IntervalBlock/0173" rel="self"/>
		<link href="RetailCustomer/4299914/UsagePoint/4284792/MeterReading/1/IntervalBlock" rel="up"/>
		<title/>
		<content>
			<IntervalBlock xmlns="http://naesb.org/espi">
				<interval>
					<duration>86400</duration>
					<start>1307343600</start>
				</interval>
				<IntervalReading>
					<timePeriod>
						<duration>900</duration>
						<start>1307343600</start>
					</timePeriod>
					<value>155</value>
				</IntervalReading>
				<IntervalReading>
					<timePeriod>
						<duration>900</duration>
						<start>1307344500</start>
					</timePeriod>
					<value>180</value>
				</IntervalReading>
				<IntervalReading>
					<timePeriod>
						<duration>900</duration>
						<start>1307345400</start>
					</timePeriod>
					<value>180</value>
				</IntervalReading>
				<IntervalReading>
					<timePeriod>
						<duration>900</duration>
						<start>1307346300</start>
					</timePeriod>
					<value>185</value>
				</IntervalReading>
				<IntervalReading>
					<timePeriod>
						<duration>900</duration>
						<start>1307347200</start>
					</timePeriod>
					<value>155</value>
				</IntervalReading>
				<IntervalReading>
					<timePeriod>
						<duration>900</duration>
						<start>1307348100</start>
					</timePeriod>
					<value>150</value>
				</IntervalReading>
				<IntervalReading>
					<timePeriod>
						<duration>900</duration>
						<start>1307349000</start>
					</timePeriod>
					<value>150</value>
				</IntervalReading>
				<IntervalReading>
					<timePeriod>
						<duration>900</duration>
						<start>1307349900</start>
					</timePeriod>
					<value>155</value>
				</IntervalReading>
				<IntervalReading>
					<timePeriod>
						<duration>900</duration>
						<start>1307350800</start>
					</timePeriod>
					<value>135</value>
				</IntervalReading>
				<IntervalReading>
					<timePeriod>
						<duration>900</duration>
						<start>1307351700</start>
					</timePeriod>
					<value>160</value>
				</IntervalReading>
				<IntervalReading>
					<timePeriod>
						<duration>900</duration>
						<start>1307352600</start>
					</timePeriod>
					<value>155</value>
				</IntervalReading>
				<IntervalReading>
					<timePeriod>
						<duration>900</duration>
						<start>1307353500</start>
					</timePeriod>
					<value>155</value>
				</IntervalReading>
				<IntervalReading>
					<timePeriod>
						<duration>900</duration>
						<start>1307354400</start>
					</timePeriod>
					<value>140</value>
				</IntervalReading>
				<IntervalReading>
					<timePeriod>
						<duration>900</duration>
						<start>1307355300</start>
					</timePeriod>
					<value>125</value>
				</IntervalReading>
				<IntervalReading>
					<timePeriod>
						<duration>900</duration>
						<start>1307356200</start>
					</timePeriod>
					<value>125</value>
				</IntervalReading>
				<IntervalReading>
					<timePeriod>
						<duration>900</duration>
						<start>1307357100</start>
					</timePeriod>
					<value>125</value>
				</IntervalReading>
				<IntervalReading>
					<timePeriod>
						<duration>900</duration>
						<start>1307358000</start>
					</timePeriod>
					<value>155</value>
				</IntervalReading>
				<IntervalReading>
					<timePeriod>
						<duration>900</duration>
						<start>1307358900</start>
					</timePeriod>
					<value>155</value>
				</IntervalReading>
				<IntervalReading>
					<timePeriod>
						<duration>900</duration>
						<start>1307359800</start>
					</timePeriod>
					<value>1845</value>
				</IntervalReading>
				<IntervalReading>
					<timePeriod>
						<duration>900</duration>
						<start>1307360700</start>
					</timePeriod>
					<value>155</value>
				</IntervalReading>
				<IntervalReading>
					<timePeriod>
						<duration>900</duration>
						<start>1307361600</start>
					</timePeriod>
					<value>110</value>
				</IntervalReading>
				<IntervalReading>
					<timePeriod>
						<duration>900</duration>
						<start>1307362500</start>
					</timePeriod>
					<value>1575</value>
				</IntervalReading>
				<IntervalReading>
					<timePeriod>
						<duration>900</duration>
						<start>1307363400</start>
					</timePeriod>
					<value>135</value>
				</IntervalReading>
				<IntervalReading>
					<timePeriod>
						<duration>900</duration>
						<start>1307364300</start>
					</timePeriod>
					<value>110</value>
				</IntervalReading>
				<IntervalReading>
					<timePeriod>
						<duration>900</duration>
						<start>1307365200</start>
					</timePeriod>
					<value>0</value>
				</IntervalReading>
				<IntervalReading>
					<timePeriod>
						<duration>900</duration>
						<start>1307366100</start>
					</timePeriod>
					<value>120</value>
				</IntervalReading>
				<IntervalReading>
					<timePeriod>
						<duration>900</duration>
						<start>1307367000</start>
					</timePeriod>
					<value>45</value>
				</IntervalReading>
				<IntervalReading>
					<timePeriod>
						<duration>900</duration>
						<start>1307367900</start>
					</timePeriod>
					<value>0</value>
				</IntervalReading>
				<IntervalReading>
					<timePeriod>
						<duration>900</duration>
						<start>1307368800</start>
					</timePeriod>
					<value>0</value>
				</IntervalReading>
				<IntervalReading>
					<timePeriod>
						<duration>900</duration>
						<start>1307369700</start>
					</timePeriod>
					<value>0</value>
				</IntervalReading>
				<IntervalReading>
					<timePeriod>
						<duration>900</duration>
						<start>1307370600</start>
					</timePeriod>
					<value>0</value>
				</IntervalReading>
				<IntervalReading>
					<timePeriod>
						<duration>900</duration>
						<start>1307371500</start>
					</timePeriod>
					<value>0</value>
				</IntervalReading>
				<IntervalReading>
					<timePeriod>
						<duration>900</duration>
						<start>1307372400</start>
					</timePeriod>
					<value>0</value>
				</IntervalReading>
				<IntervalReading>
					<timePeriod>
						<duration>900</duration>
						<start>1307373300</start>
					</timePeriod>
					<value>0</value>
				</IntervalReading>
				<IntervalReading>
					<timePeriod>
						<duration>900</duration>
						<start>1307374200</start>
					</timePeriod>
					<value>0</value>
				</IntervalReading>
				<IntervalReading>
					<timePeriod>
						<duration>900</duration>
						<start>1307375100</start>
					</timePeriod>
					<value>0</value>
				</IntervalReading>
				<IntervalReading>
					<timePeriod>
						<duration>900</duration>
						<start>1307376000</start>
					</timePeriod>
					<value>5</value>
				</IntervalReading>
				<IntervalReading>
					<timePeriod>
						<duration>900</duration>
						<start>1307376900</start>
					</timePeriod>
					<value>0</value>
				</IntervalReading>
				<IntervalReading>
					<timePeriod>
						<duration>900</duration>
						<start>1307377800</start>
					</timePeriod>
					<value>40</value>
				</IntervalReading>
				<IntervalReading>
					<timePeriod>
						<duration>900</duration>
						<start>1307378700</start>
					</timePeriod>
					<value>245</value>
				</IntervalReading>
				<IntervalReading>
					<timePeriod>
						<duration>900</duration>
						<start>1307379600</start>
					</timePeriod>
					<value>540</value>
				</IntervalReading>
				<IntervalReading>
					<timePeriod>
						<duration>900</duration>
						<start>1307380500</start>
					</timePeriod>
					<value>140</value>
				</IntervalReading>
				<IntervalReading>
					<timePeriod>
						<duration>900</duration>
						<start>1307381400</start>
					</timePeriod>
					<value>450</value>
				</IntervalReading>
				<IntervalReading>
					<timePeriod>
						<duration>900</duration>
						<start>1307382300</start>
					</timePeriod>
					<value>685</value>
				</IntervalReading>
				<IntervalReading>
					<timePeriod>
						<duration>900</duration>
						<start>1307383200</start>
					</timePeriod>
					<value>0</value>
				</IntervalReading>
				<IntervalReading>
					<timePeriod>
						<duration>900</duration>
						<start>1307384100</start>
					</timePeriod>
					<value>20</value>
				</IntervalReading>
				<IntervalReading>
					<timePeriod>
						<duration>900</duration>
						<start>1307385000</start>
					</timePeriod>
					<value>5</value>
				</IntervalReading>
				<IntervalReading>
					<timePeriod>
						<duration>900</duration>
						<start>1307385900</start>
					</timePeriod>
					<value>0</value>
				</IntervalReading>
				<IntervalReading>
					<timePeriod>
						<duration>900</duration>
						<start>1307386800</start>
					</timePeriod>
					<value>0</value>
				</IntervalReading>
				<IntervalReading>
					<timePeriod>
						<duration>900</duration>
						<start>1307387700</start>
					</timePeriod>
					<value>0</value>
				</IntervalReading>
				<IntervalReading>
					<timePeriod>
						<duration>900</duration>
						<start>1307388600</start>
					</timePeriod>
					<value>0</value>
				</IntervalReading>
				<IntervalReading>
					<timePeriod>
						<duration>900</duration>
						<start>1307389500</start>
					</timePeriod>
					<value>0</value>
				</IntervalReading>
				<IntervalReading>
					<timePeriod>
						<duration>900</duration>
						<start>1307390400</start>
					</timePeriod>
					<value>0</value>
				</IntervalReading>
				<IntervalReading>
					<timePeriod>
						<duration>900</duration>
						<start>1307391300</start>
					</timePeriod>
					<value>0</value>
				</IntervalReading>
				<IntervalReading>
					<timePeriod>
						<duration>900</duration>
						<start>1307392200</start>
					</timePeriod>
					<value>0</value>
				</IntervalReading>
				<IntervalReading>
					<timePeriod>
						<duration>900</duration>
						<start>1307393100</start>
					</timePeriod>
					<value>0</value>
				</IntervalReading>
				<IntervalReading>
					<timePeriod>
						<duration>900</duration>
						<start>1307394000</start>
					</timePeriod>
					<value>0</value>
				</IntervalReading>
				<IntervalReading>
					<timePeriod>
						<duration>900</duration>
						<start>1307394900</start>
					</timePeriod>
					<value>0</value>
				</IntervalReading>
				<IntervalReading>
					<timePeriod>
						<duration>900</duration>
						<start>1307395800</start>
					</timePeriod>
					<value>0</value>
				</IntervalReading>
				<IntervalReading>
					<timePeriod>
						<duration>900</duration>
						<start>1307396700</start>
					</timePeriod>
					<value>0</value>
				</IntervalReading>
				<IntervalReading>
					<timePeriod>
						<duration>900</duration>
						<start>1307397600</start>
					</timePeriod>
					<value>0</value>
				</IntervalReading>
				<IntervalReading>
					<timePeriod>
						<duration>900</duration>
						<start>1307398500</start>
					</timePeriod>
					<value>0</value>
				</IntervalReading>
				<IntervalReading>
					<timePeriod>
						<duration>900</duration>
						<start>1307399400</start>
					</timePeriod>
					<value>0</value>
				</IntervalReading>
				<IntervalReading>
					<timePeriod>
						<duration>900</duration>
						<start>1307400300</start>
					</timePeriod>
					<value>0</value>
				</IntervalReading>
				<IntervalReading>
					<timePeriod>
						<duration>900</duration>
						<start>1307401200</start>
					</timePeriod>
					<value>5</value>
				</IntervalReading>
				<IntervalReading>
					<timePeriod>
						<duration>900</duration>
						<start>1307402100</start>
					</timePeriod>
					<value>0</value>
				</IntervalReading>
				<IntervalReading>
					<timePeriod>
						<duration>900</duration>
						<start>1307403000</start>
					</timePeriod>
					<value>0</value>
				</IntervalReading>
				<IntervalReading>
					<timePeriod>
						<duration>900</duration>
						<start>1307403900</start>
					</timePeriod>
					<value>0</value>
				</IntervalReading>
				<IntervalReading>
					<timePeriod>
						<duration>900</duration>
						<start>1307404800</start>
					</timePeriod>
					<value>390</value>
				</IntervalReading>
				<IntervalReading>
					<timePeriod>
						<duration>900</duration>
						<start>1307405700</start>
					</timePeriod>
					<value>105</value>
				</IntervalReading>
				<IntervalReading>
					<timePeriod>
						<duration>900</duration>
						<start>1307406600</start>
					</timePeriod>
					<value>90</value>
				</IntervalReading>
				<IntervalReading>
					<timePeriod>
						<duration>900</duration>
						<start>1307407500</start>
					</timePeriod>
					<value>320</value>
				</IntervalReading>
				<IntervalReading>
					<timePeriod>
						<duration>900</duration>
						<start>1307408400</start>
					</timePeriod>
					<value>255</value>
				</IntervalReading>
				<IntervalReading>
					<timePeriod>
						<duration>900</duration>
						<start>1307409300</start>
					</timePeriod>
					<value>160</value>
				</IntervalReading>
				<IntervalReading>
					<timePeriod>
						<duration>900</duration>
						<start>1307410200</start>
					</timePeriod>
					<value>215</value>
				</IntervalReading>
				<IntervalReading>
					<timePeriod>
						<duration>900</duration>
						<start>1307411100</start>
					</timePeriod>
					<value>225</value>
				</IntervalReading>
				<IntervalReading>
					<timePeriod>
						<duration>900</duration>
						<start>1307412000</start>
					</timePeriod>
					<value>235</value>
				</IntervalReading>
				<IntervalReading>
					<timePeriod>
						<duration>900</duration>
						<start>1307412900</start>
					</timePeriod>
					<value>270</value>
				</IntervalReading>
				<IntervalReading>
					<timePeriod>
						<duration>900</duration>
						<start>1307413800</start>
					</timePeriod>
					<value>250</value>
				</IntervalReading>
				<IntervalReading>
					<timePeriod>
						<duration>900</duration>
						<start>1307414700</start>
					</timePeriod>
					<value>235</value>
				</IntervalReading>
				<IntervalReading>
					<timePeriod>
						<duration>900</duration>
						<start>1307415600</start>
					</timePeriod>
					<value>175</value>
				</IntervalReading>
				<IntervalReading>
					<timePeriod>
						<duration>900</duration>
						<start>1307416500</start>
					</timePeriod>
					<value>240</value>
				</IntervalReading>
				<IntervalReading>
					<timePeriod>
						<duration>900</duration>
						<start>1307417400</start>
					</timePeriod>
					<value>245</value>
				</IntervalReading>
				<IntervalReading>
					<timePeriod>
						<duration>900</duration>
						<start>1307418300</start>
					</timePeriod>
					<value>235</value>
				</IntervalReading>
				<IntervalReading>
					<timePeriod>
						<duration>900</duration>
						<start>1307419200</start>
					</timePeriod>
					<value>205</value>
				</IntervalReading>
				<IntervalReading>
					<timePeriod>
						<duration>900</duration>
						<start>1307420100</start>
					</timePeriod>
					<value>175</value>
				</IntervalReading>
				<IntervalReading>
					<timePeriod>
						<duration>900</duration>
						<start>1307421000</start>
					</timePeriod>
					<value>185</value>
				</IntervalReading>
				<IntervalReading>
					<timePeriod>
						<duration>900</duration>
						<start>1307421900</start>
					</timePeriod>
					<value>165</value>
				</IntervalReading>
				<IntervalReading>
					<timePeriod>
						<duration>900</duration>
						<start>1307422800</start>
					</timePeriod>
					<value>170</value>
				</IntervalReading>
				<IntervalReading>
					<timePeriod>
						<duration>900</duration>
						<start>1307423700</start>
					</timePeriod>
					<value>155</value>
				</IntervalReading>
				<IntervalReading>
					<timePeriod>
						<duration>900</duration>
						<start>1307424600</start>
					</timePeriod>
					<value>150</value>
				</IntervalReading>
				<IntervalReading>
					<timePeriod>
						<duration>900</duration>
						<start>1307425500</start>
					</timePeriod>
					<value>145</value>
				</IntervalReading>
				<IntervalReading>
					<timePeriod>
						<duration>900</duration>
						<start>1307426400</start>
					</timePeriod>
					<value>165</value>
				</IntervalReading>
				<IntervalReading>
					<timePeriod>
						<duration>900</duration>
						<start>1307427300</start>
					</timePeriod>
					<value>175</value>
				</IntervalReading>
				<IntervalReading>
					<timePeriod>
						<duration>900</duration>
						<start>1307428200</start>
					</timePeriod>
					<value>170</value>
				</IntervalReading>
				<IntervalReading>
					<timePeriod>
						<duration>900</duration>
						<start>1307429100</start>
					</timePeriod>
					<value>160</value>
				</IntervalReading>
			</IntervalBlock>
		</content>
		<published>2011-06-06T07:00:00Z</published>
		<updated>2011-06-06T07:00:00Z</updated>
	</entry>
	<entry>
		<id>urn:uuid:939bfdfd-855a-47bd-9905-403bf36d7eb8</id>
		<title>Energy Consumption - 15 Minutes Interval</title>
		<link href="RetailCustomer/4299914/UsagePoint/4284792/MeterReading/2" rel="self"/>
		<link href="RetailCustomer/4299914/UsagePoint/4284792/MeterReading" rel="up"/>
		<link href="RetailCustomer/4299914/UsagePoint/4284792/MeterReading/2/IntervalBlock" rel="related"/>
		<link href="ReadingType/03" rel="related"/>
		<content>
			<MeterReading xmlns="http://naesb.org/espi"/>
		</content>
		<published>2011-06-06T07:00:00Z</published>
		<updated>2011-06-06T07:00:00Z</updated>
	</entry>
	<entry>
		<id>urn:uuid:939bfdfd-855a-47bd-9905-403bf36d7eb8</id>
		<link href="ReadingType/03" rel="self"/>
		<link href="ReadingType" rel="up"/>
		<title>Energy Produced(kWh)</title>
		<content>
			<ReadingType xmlns="http://naesb.org/espi">
				<accumulationBehaviour>4</accumulationBehaviour>
				<commodity>1</commodity>
				<dataQualifier>0</dataQualifier>
				<flowDirection>19</flowDirection>
				<kind>12</kind>
				<phase>0</phase>
				<powerOfTenMultiplier>0</powerOfTenMultiplier>
				<timeAttribute>2</timeAttribute>
				<uom>72</uom>
			</ReadingType>
		</content>
		<published>2011-06-06T07:00:00Z</published>
		<updated>2011-06-06T07:00:00Z</updated>
	</entry>
	<entry>
		<id>urn:uuid:939bfdfd-855a-47bd-9905-403bf36d7eb8</id>
		<link href="RetailCustomer/4299914/UsagePoint/4284792/MeterReading/2/IntervalBlock/0173" rel="self"/>
		<link href="RetailCustomer/4299914/UsagePoint/4284792/MeterReading/2/IntervalBlock" rel="up"/>
		<title/>
		<content>
			<IntervalBlock xmlns="http://naesb.org/espi">
				<interval>
					<duration>86400</duration>
					<start>1307343600</start>
				</interval>
				<IntervalReading>
					<timePeriod>
						<duration>900</duration>
						<start>1307343600</start>
					</timePeriod>
					<value>0</value>
				</IntervalReading>
				<IntervalReading>
					<timePeriod>
						<duration>900</duration>
						<start>1307344500</start>
					</timePeriod>
					<value>0</value>
				</IntervalReading>
				<IntervalReading>
					<timePeriod>
						<duration>900</duration>
						<start>1307345400</start>
					</timePeriod>
					<value>0</value>
				</IntervalReading>
				<IntervalReading>
					<timePeriod>
						<duration>900</duration>
						<start>1307346300</start>
					</timePeriod>
					<value>0</value>
				</IntervalReading>
				<IntervalReading>
					<timePeriod>
						<duration>900</duration>
						<start>1307347200</start>
					</timePeriod>
					<value>0</value>
				</IntervalReading>
				<IntervalReading>
					<timePeriod>
						<duration>900</duration>
						<start>1307348100</start>
					</timePeriod>
					<value>0</value>
				</IntervalReading>
				<IntervalReading>
					<timePeriod>
						<duration>900</duration>
						<start>1307349000</start>
					</timePeriod>
					<value>0</value>
				</IntervalReading>
				<IntervalReading>
					<timePeriod>
						<duration>900</duration>
						<start>1307349900</start>
					</timePeriod>
					<value>0</value>
				</IntervalReading>
				<IntervalReading>
					<timePeriod>
						<duration>900</duration>
						<start>1307350800</start>
					</timePeriod>
					<value>0</value>
				</IntervalReading>
				<IntervalReading>
					<timePeriod>
						<duration>900</duration>
						<start>1307351700</start>
					</timePeriod>
					<value>0</value>
				</IntervalReading>
				<IntervalReading>
					<timePeriod>
						<duration>900</duration>
						<start>1307352600</start>
					</timePeriod>
					<value>0</value>
				</IntervalReading>
				<IntervalReading>
					<timePeriod>
						<duration>900</duration>
						<start>1307353500</start>
					</timePeriod>
					<value>0</value>
				</IntervalReading>
				<IntervalReading>
					<timePeriod>
						<duration>900</duration>
						<start>1307354400</start>
					</timePeriod>
					<value>0</value>
				</IntervalReading>
				<IntervalReading>
					<timePeriod>
						<duration>900</duration>
						<start>1307355300</start>
					</timePeriod>
					<value>0</value>
				</IntervalReading>
				<IntervalReading>
					<timePeriod>
						<duration>900</duration>
						<start>1307356200</start>
					</timePeriod>
					<value>0</value>
				</IntervalReading>
				<IntervalReading>
					<timePeriod>
						<duration>900</duration>
						<start>1307357100</start>
					</timePeriod>
					<value>0</value>
				</IntervalReading>
				<IntervalReading>
					<timePeriod>
						<duration>900</duration>
						<start>1307358000</start>
					</timePeriod>
					<value>0</value>
				</IntervalReading>
				<IntervalReading>
					<timePeriod>
						<duration>900</duration>
						<start>1307358900</start>
					</timePeriod>
					<value>0</value>
				</IntervalReading>
				<IntervalReading>
					<timePeriod>
						<duration>900</duration>
						<start>1307359800</start>
					</timePeriod>
					<value>0</value>
				</IntervalReading>
				<IntervalReading>
					<timePeriod>
						<duration>900</duration>
						<start>1307360700</start>
					</timePeriod>
					<value>0</value>
				</IntervalReading>
				<IntervalReading>
					<timePeriod>
						<duration>900</duration>
						<start>1307361600</start>
					</timePeriod>
					<value>0</value>
				</IntervalReading>
				<IntervalReading>
					<timePeriod>
						<duration>900</duration>
						<start>1307362500</start>
					</timePeriod>
					<value>0</value>
				</IntervalReading>
				<IntervalReading>
					<timePeriod>
						<duration>900</duration>
						<start>1307363400</start>
					</timePeriod>
					<value>0</value>
				</IntervalReading>
				<IntervalReading>
					<timePeriod>
						<duration>900</duration>
						<start>1307364300</start>
					</timePeriod>
					<value>0</value>
				</IntervalReading>
				<IntervalReading>
					<timePeriod>
						<duration>900</duration>
						<start>1307365200</start>
					</timePeriod>
					<value>180</value>
				</IntervalReading>
				<IntervalReading>
					<timePeriod>
						<duration>900</duration>
						<start>1307366100</start>
					</timePeriod>
					<value>0</value>
				</IntervalReading>
				<IntervalReading>
					<timePeriod>
						<duration>900</duration>
						<start>1307367000</start>
					</timePeriod>
					<value>0</value>
				</IntervalReading>
				<IntervalReading>
					<timePeriod>
						<duration>900</duration>
						<start>1307367900</start>
					</timePeriod>
					<value>50</value>
				</IntervalReading>
				<IntervalReading>
					<timePeriod>
						<duration>900</duration>
						<start>1307368800</start>
					</timePeriod>
					<value>715</value>
				</IntervalReading>
				<IntervalReading>
					<timePeriod>
						<duration>900</duration>
						<start>1307369700</start>
					</timePeriod>
					<value>360</value>
				</IntervalReading>
				<IntervalReading>
					<timePeriod>
						<duration>900</duration>
						<start>1307370600</start>
					</timePeriod>
					<value>480</value>
				</IntervalReading>
				<IntervalReading>
					<timePeriod>
						<duration>900</duration>
						<start>1307371500</start>
					</timePeriod>
					<value>630</value>
				</IntervalReading>
				<IntervalReading>
					<timePeriod>
						<duration>900</duration>
						<start>1307372400</start>
					</timePeriod>
					<value>1065</value>
				</IntervalReading>
				<IntervalReading>
					<timePeriod>
						<duration>900</duration>
						<start>1307373300</start>
					</timePeriod>
					<value>815</value>
				</IntervalReading>
				<IntervalReading>
					<timePeriod>
						<duration>900</duration>
						<start>1307374200</start>
					</timePeriod>
					<value>930</value>
				</IntervalReading>
				<IntervalReading>
					<timePeriod>
						<duration>900</duration>
						<start>1307375100</start>
					</timePeriod>
					<value>985</value>
				</IntervalReading>
				<IntervalReading>
					<timePeriod>
						<duration>900</duration>
						<start>1307376000</start>
					</timePeriod>
					<value>775</value>
				</IntervalReading>
				<IntervalReading>
					<timePeriod>
						<duration>900</duration>
						<start>1307376900</start>
					</timePeriod>
					<value>1085</value>
				</IntervalReading>
				<IntervalReading>
					<timePeriod>
						<duration>900</duration>
						<start>1307377800</start>
					</timePeriod>
					<value>545</value>
				</IntervalReading>
				<IntervalReading>
					<timePeriod>
						<duration>900</duration>
						<start>1307378700</start>
					</timePeriod>
					<value>360</value>
				</IntervalReading>
				<IntervalReading>
					<timePeriod>
						<duration>900</duration>
						<start>1307379600</start>
					</timePeriod>
					<value>250</value>
				</IntervalReading>
				<IntervalReading>
					<timePeriod>
						<duration>900</duration>
						<start>1307380500</start>
					</timePeriod>
					<value>595</value>
				</IntervalReading>
				<IntervalReading>
					<timePeriod>
						<duration>900</duration>
						<start>1307381400</start>
					</timePeriod>
					<value>115</value>
				</IntervalReading>
				<IntervalReading>
					<timePeriod>
						<duration>900</duration>
						<start>1307382300</start>
					</timePeriod>
					<value>110</value>
				</IntervalReading>
				<IntervalReading>
					<timePeriod>
						<duration>900</duration>
						<start>1307383200</start>
					</timePeriod>
					<value>805</value>
				</IntervalReading>
				<IntervalReading>
					<timePeriod>
						<duration>900</duration>
						<start>1307384100</start>
					</timePeriod>
					<value>710</value>
				</IntervalReading>
				<IntervalReading>
					<timePeriod>
						<duration>900</duration>
						<start>1307385000</start>
					</timePeriod>
					<value>865</value>
				</IntervalReading>
				<IntervalReading>
					<timePeriod>
						<duration>900</duration>
						<start>1307385900</start>
					</timePeriod>
					<value>850</value>
				</IntervalReading>
				<IntervalReading>
					<timePeriod>
						<duration>900</duration>
						<start>1307386800</start>
					</timePeriod>
					<value>720</value>
				</IntervalReading>
				<IntervalReading>
					<timePeriod>
						<duration>900</duration>
						<start>1307387700</start>
					</timePeriod>
					<value>770</value>
				</IntervalReading>
				<IntervalReading>
					<timePeriod>
						<duration>900</duration>
						<start>1307388600</start>
					</timePeriod>
					<value>765</value>
				</IntervalReading>
				<IntervalReading>
					<timePeriod>
						<duration>900</duration>
						<start>1307389500</start>
					</timePeriod>
					<value>700</value>
				</IntervalReading>
				<IntervalReading>
					<timePeriod>
						<duration>900</duration>
						<start>1307390400</start>
					</timePeriod>
					<value>1300</value>
				</IntervalReading>
				<IntervalReading>
					<timePeriod>
						<duration>900</duration>
						<start>1307391300</start>
					</timePeriod>
					<value>1245</value>
				</IntervalReading>
				<IntervalReading>
					<timePeriod>
						<duration>900</duration>
						<start>1307392200</start>
					</timePeriod>
					<value>1360</value>
				</IntervalReading>
				<IntervalReading>
					<timePeriod>
						<duration>900</duration>
						<start>1307393100</start>
					</timePeriod>
					<value>1330</value>
				</IntervalReading>
				<IntervalReading>
					<timePeriod>
						<duration>900</duration>
						<start>1307394000</start>
					</timePeriod>
					<value>1025</value>
				</IntervalReading>
				<IntervalReading>
					<timePeriod>
						<duration>900</duration>
						<start>1307394900</start>
					</timePeriod>
					<value>1240</value>
				</IntervalReading>
				<IntervalReading>
					<timePeriod>
						<duration>900</duration>
						<start>1307395800</start>
					</timePeriod>
					<value>1110</value>
				</IntervalReading>
				<IntervalReading>
					<timePeriod>
						<duration>900</duration>
						<start>1307396700</start>
					</timePeriod>
					<value>1095</value>
				</IntervalReading>
				<IntervalReading>
					<timePeriod>
						<duration>900</duration>
						<start>1307397600</start>
					</timePeriod>
					<value>535</value>
				</IntervalReading>
				<IntervalReading>
					<timePeriod>
						<duration>900</duration>
						<start>1307398500</start>
					</timePeriod>
					<value>870</value>
				</IntervalReading>
				<IntervalReading>
					<timePeriod>
						<duration>900</duration>
						<start>1307399400</start>
					</timePeriod>
					<value>840</value>
				</IntervalReading>
				<IntervalReading>
					<timePeriod>
						<duration>900</duration>
						<start>1307400300</start>
					</timePeriod>
					<value>755</value>
				</IntervalReading>
				<IntervalReading>
					<timePeriod>
						<duration>900</duration>
						<start>1307401200</start>
					</timePeriod>
					<value>60</value>
				</IntervalReading>
				<IntervalReading>
					<timePeriod>
						<duration>900</duration>
						<start>1307402100</start>
					</timePeriod>
					<value>515</value>
				</IntervalReading>
				<IntervalReading>
					<timePeriod>
						<duration>900</duration>
						<start>1307403000</start>
					</timePeriod>
					<value>430</value>
				</IntervalReading>
				<IntervalReading>
					<timePeriod>
						<duration>900</duration>
						<start>1307403900</start>
					</timePeriod>
					<value>255</value>
				</IntervalReading>
				<IntervalReading>
					<timePeriod>
						<duration>900</duration>
						<start>1307404800</start>
					</timePeriod>
					<value>0</value>
				</IntervalReading>
				<IntervalReading>
					<timePeriod>
						<duration>900</duration>
						<start>1307405700</start>
					</timePeriod>
					<value>0</value>
				</IntervalReading>
				<IntervalReading>
					<timePeriod>
						<duration>900</duration>
						<start>1307406600</start>
					</timePeriod>
					<value>0</value>
				</IntervalReading>
				<IntervalReading>
					<timePeriod>
						<duration>900</duration>
						<start>1307407500</start>
					</timePeriod>
					<value>0</value>
				</IntervalReading>
				<IntervalReading>
					<timePeriod>
						<duration>900</duration>
						<start>1307408400</start>
					</timePeriod>
					<value>0</value>
				</IntervalReading>
				<IntervalReading>
					<timePeriod>
						<duration>900</duration>
						<start>1307409300</start>
					</timePeriod>
					<value>0</value>
				</IntervalReading>
				<IntervalReading>
					<timePeriod>
						<duration>900</duration>
						<start>1307410200</start>
					</timePeriod>
					<value>0</value>
				</IntervalReading>
				<IntervalReading>
					<timePeriod>
						<duration>900</duration>
						<start>1307411100</start>
					</timePeriod>
					<value>0</value>
				</IntervalReading>
				<IntervalReading>
					<timePeriod>
						<duration>900</duration>
						<start>1307412000</start>
					</timePeriod>
					<value>0</value>
				</IntervalReading>
				<IntervalReading>
					<timePeriod>
						<duration>900</duration>
						<start>1307412900</start>
					</timePeriod>
					<value>0</value>
				</IntervalReading>
				<IntervalReading>
					<timePeriod>
						<duration>900</duration>
						<start>1307413800</start>
					</timePeriod>
					<value>0</value>
				</IntervalReading>
				<IntervalReading>
					<timePeriod>
						<duration>900</duration>
						<start>1307414700</start>
					</timePeriod>
					<value>0</value>
				</IntervalReading>
				<IntervalReading>
					<timePeriod>
						<duration>900</duration>
						<start>1307415600</start>
					</timePeriod>
					<value>0</value>
				</IntervalReading>
				<IntervalReading>
					<timePeriod>
						<duration>900</duration>
						<start>1307416500</start>
					</timePeriod>
					<value>0</value>
				</IntervalReading>
				<IntervalReading>
					<timePeriod>
						<duration>900</duration>
						<start>1307417400</start>
					</timePeriod>
					<value>0</value>
				</IntervalReading>
				<IntervalReading>
					<timePeriod>
						<duration>900</duration>
						<start>1307418300</start>
					</timePeriod>
					<value>0</value>
				</IntervalReading>
				<IntervalReading>
					<timePeriod>
						<duration>900</duration>
						<start>1307419200</start>
					</timePeriod>
					<value>0</value>
				</IntervalReading>
				<IntervalReading>
					<timePeriod>
						<duration>900</duration>
						<start>1307420100</start>
					</timePeriod>
					<value>0</value>
				</IntervalReading>
				<IntervalReading>
					<timePeriod>
						<duration>900</duration>
						<start>1307421000</start>
					</timePeriod>
					<value>0</value>
				</IntervalReading>
				<IntervalReading>
					<timePeriod>
						<duration>900</duration>
						<start>1307421900</start>
					</timePeriod>
					<value>0</value>
				</IntervalReading>
				<IntervalReading>
					<timePeriod>
						<duration>900</duration>
						<start>1307422800</start>
					</timePeriod>
					<value>0</value>
				</IntervalReading>
				<IntervalReading>
					<timePeriod>
						<duration>900</duration>
						<start>1307423700</start>
					</timePeriod>
					<value>0</value>
				</IntervalReading>
				<IntervalReading>
					<timePeriod>
						<duration>900</duration>
						<start>1307424600</start>
					</timePeriod>
					<value>0</value>
				</IntervalReading>
				<IntervalReading>
					<timePeriod>
						<duration>900</duration>
						<start>1307425500</start>
					</timePeriod>
					<value>0</value>
				</IntervalReading>
				<IntervalReading>
					<timePeriod>
						<duration>900</duration>
						<start>1307426400</start>
					</timePeriod>
					<value>0</value>
				</IntervalReading>
				<IntervalReading>
					<timePeriod>
						<duration>900</duration>
						<start>1307427300</start>
					</timePeriod>
					<value>0</value>
				</IntervalReading>
				<IntervalReading>
					<timePeriod>
						<duration>900</duration>
						<start>1307428200</start>
					</timePeriod>
					<value>0</value>
				</IntervalReading>
				<IntervalReading>
					<timePeriod>
						<duration>900</duration>
						<start>1307429100</start>
					</timePeriod>
					<value>0</value>
				</IntervalReading>
			</IntervalBlock>
		</content>
		<published>2011-06-06T07:00:00Z</published>
		<updated>2011-06-06T07:00:00Z</updated>
	</entry>
	<!-- 
	=============================================================================
		Usage Point Two: RetailCustomer/4299915/UsagePoint/4284793
	=============================================================================
	-->
	<entry>
		<id>urn:uuid:11f9c845-51bc-47b3-b93e-73744cf8b9c0</id>
		<link href="RetailCustomer/4299915/UsagePoint/4284793" rel="self"/>
		<link href="RetailCustomer/4299915/UsagePoint" rel="up"/>
		<link href="RetailCustomer/4299915/UsagePoint/4284793/MeterReading" rel="related"/>
		<content>
			<UsagePoint xmlns="http://naesb.org/espi">
				<ServiceCategory>
					<kind>0</kind>
				</ServiceCategory>
				<status>1</status>
			</UsagePoint>
		</content>
		<published>2011-06-06T07:00:00Z</published>
		<updated>2011-06-06T07:00:00Z</updated>
		<title>a galaxy far, far away</title>
	</entry>
	<entry>
		<id>urn:uuid:05f4519e-b23e-450c-8102-a6bb36a89ece</id>
		<title>Energy Consumption - 15 Minutes Interval</title>
		<link href="RetailCustomer/4299915/UsagePoint/4284793/MeterReading/1" rel="self"/>
		<link href="RetailCustomer/4299915/UsagePoint/4284793/MeterReading" rel="up"/>
		<link href="RetailCustomer/4299915/UsagePoint/4284793/MeterReading/1/IntervalBlock" rel="related"/>
		<link href="ReadingType/04" rel="related"/>
		<content>
			<MeterReading xmlns="http://naesb.org/espi"/>
		</content>
		<published>2011-06-06T07:00:00Z</published>
		<updated>2011-06-06T07:00:00Z</updated>
	</entry>
	<entry>
		<id>urn:uuid:05f4519e-b23e-450c-8102-a6bb36a89ece</id>
		<link href="ReadingType/04" rel="self"/>
		<link href="ReadingType" rel="up"/>
		<title>Energy Delivered (kWh)</title>
		<content>
			<ReadingType xmlns="http://naesb.org/espi">
				<accumulationBehaviour>4</accumulationBehaviour>
				<commodity>1</commodity>
				<dataQualifier>0</dataQualifier>
				<flowDirection>1</flowDirection>
				<kind>12</kind>
				<phase>0</phase>
				<powerOfTenMultiplier>0</powerOfTenMultiplier>
				<timeAttribute>2</timeAttribute>
				<uom>72</uom>
			</ReadingType>
		</content>
		<published>2011-06-06T07:00:00Z</published>
		<updated>2011-06-06T07:00:00Z</updated>
	</entry>
	<entry>
		<id>urn:uuid:05f4519e-b23e-450c-8102-a6bb36a89ece</id>
		<link href="RetailCustomer/4299915/UsagePoint/4284793/MeterReading/1/IntervalBlock/0173" rel="self"/>
		<link href="RetailCustomer/4299915/UsagePoint/4284793/MeterReading/1/IntervalBlock" rel="up"/>
		<title/>
		<content>
			<IntervalBlock xmlns="http://naesb.org/espi">
				<interval>
					<duration>86400</duration>
					<start>1307343600</start>
				</interval>
				<IntervalReading>
					<timePeriod>
						<duration>900</duration>
						<start>1307343600</start>
					</timePeriod>
					<value>445</value>
				</IntervalReading>
				<IntervalReading>
					<timePeriod>
						<duration>900</duration>
						<start>1307344500</start>
					</timePeriod>
					<value>425</value>
				</IntervalReading>
				<IntervalReading>
					<timePeriod>
						<duration>900</duration>
						<start>1307345400</start>
					</timePeriod>
					<value>785</value>
				</IntervalReading>
				<IntervalReading>
					<timePeriod>
						<duration>900</duration>
						<start>1307346300</start>
					</timePeriod>
					<value>570</value>
				</IntervalReading>
				<IntervalReading>
					<timePeriod>
						<duration>900</duration>
						<start>1307347200</start>
					</timePeriod>
					<value>435</value>
				</IntervalReading>
				<IntervalReading>
					<timePeriod>
						<duration>900</duration>
						<start>1307348100</start>
					</timePeriod>
					<value>780</value>
				</IntervalReading>
				<IntervalReading>
					<timePeriod>
						<duration>900</duration>
						<start>1307349000</start>
					</timePeriod>
					<value>450</value>
				</IntervalReading>
				<IntervalReading>
					<timePeriod>
						<duration>900</duration>
						<start>1307349900</start>
					</timePeriod>
					<value>740</value>
				</IntervalReading>
				<IntervalReading>
					<timePeriod>
						<duration>900</duration>
						<start>1307350800</start>
					</timePeriod>
					<value>615</value>
				</IntervalReading>
				<IntervalReading>
					<timePeriod>
						<duration>900</duration>
						<start>1307351700</start>
					</timePeriod>
					<value>755</value>
				</IntervalReading>
				<IntervalReading>
					<timePeriod>
						<duration>900</duration>
						<start>1307352600</start>
					</timePeriod>
					<value>455</value>
				</IntervalReading>
				<IntervalReading>
					<timePeriod>
						<duration>900</duration>
						<start>1307353500</start>
					</timePeriod>
					<value>625</value>
				</IntervalReading>
				<IntervalReading>
					<timePeriod>
						<duration>900</duration>
						<start>1307354400</start>
					</timePeriod>
					<value>745</value>
				</IntervalReading>
				<IntervalReading>
					<timePeriod>
						<duration>900</duration>
						<start>1307355300</start>
					</timePeriod>
					<value>770</value>
				</IntervalReading>
				<IntervalReading>
					<timePeriod>
						<duration>900</duration>
						<start>1307356200</start>
					</timePeriod>
					<value>715</value>
				</IntervalReading>
				<IntervalReading>
					<timePeriod>
						<duration>900</duration>
						<start>1307357100</start>
					</timePeriod>
					<value>695</value>
				</IntervalReading>
				<IntervalReading>
					<timePeriod>
						<duration>900</duration>
						<start>1307358000</start>
					</timePeriod>
					<value>790</value>
				</IntervalReading>
				<IntervalReading>
					<timePeriod>
						<duration>900</duration>
						<start>1307358900</start>
					</timePeriod>
					<value>695</value>
				</IntervalReading>
				<IntervalReading>
					<timePeriod>
						<duration>900</duration>
						<start>1307359800</start>
					</timePeriod>
					<value>770</value>
				</IntervalReading>
				<IntervalReading>
					<timePeriod>
						<duration>900</duration>
						<start>1307360700</start>
					</timePeriod>
					<value>755</value>
				</IntervalReading>
				<IntervalReading>
					<timePeriod>
						<duration>900</duration>
						<start>1307361600</start>
					</timePeriod>
					<value>680</value>
				</IntervalReading>
				<IntervalReading>
					<timePeriod>
						<duration>900</duration>
						<start>1307362500</start>
					</timePeriod>
					<value>715</value>
				</IntervalReading>
				<IntervalReading>
					<timePeriod>
						<duration>900</duration>
						<start>1307363400</start>
					</timePeriod>
					<value>680</value>
				</IntervalReading>
				<IntervalReading>
					<timePeriod>
						<duration>900</duration>
						<start>1307364300</start>
					</timePeriod>
					<value>540</value>
				</IntervalReading>
				<IntervalReading>
					<timePeriod>
						<duration>900</duration>
						<start>1307365200</start>
					</timePeriod>
					<value>3660</value>
				</IntervalReading>
				<IntervalReading>
					<timePeriod>
						<duration>900</duration>
						<start>1307366100</start>
					</timePeriod>
					<value>1030</value>
				</IntervalReading>
				<IntervalReading>
					<timePeriod>
						<duration>900</duration>
						<start>1307367000</start>
					</timePeriod>
					<value>3275</value>
				</IntervalReading>
				<IntervalReading>
					<timePeriod>
						<duration>900</duration>
						<start>1307367900</start>
					</timePeriod>
					<value>2875</value>
				</IntervalReading>
				<IntervalReading>
					<timePeriod>
						<duration>900</duration>
						<start>1307368800</start>
					</timePeriod>
					<value>2980</value>
				</IntervalReading>
				<IntervalReading>
					<timePeriod>
						<duration>900</duration>
						<start>1307369700</start>
					</timePeriod>
					<value>2970</value>
				</IntervalReading>
				<IntervalReading>
					<timePeriod>
						<duration>900</duration>
						<start>1307370600</start>
					</timePeriod>
					<value>2790</value>
				</IntervalReading>
				<IntervalReading>
					<timePeriod>
						<duration>900</duration>
						<start>1307371500</start>
					</timePeriod>
					<value>2935</value>
				</IntervalReading>
				<IntervalReading>
					<timePeriod>
						<duration>900</duration>
						<start>1307372400</start>
					</timePeriod>
					<value>3090</value>
				</IntervalReading>
				<IntervalReading>
					<timePeriod>
						<duration>900</duration>
						<start>1307373300</start>
					</timePeriod>
					<value>2930</value>
				</IntervalReading>
				<IntervalReading>
					<timePeriod>
						<duration>900</duration>
						<start>1307374200</start>
					</timePeriod>
					<value>2705</value>
				</IntervalReading>
				<IntervalReading>
					<timePeriod>
						<duration>900</duration>
						<start>1307375100</start>
					</timePeriod>
					<value>3020</value>
				</IntervalReading>
				<IntervalReading>
					<timePeriod>
						<duration>900</duration>
						<start>1307376000</start>
					</timePeriod>
					<value>3055</value>
				</IntervalReading>
				<IntervalReading>
					<timePeriod>
						<duration>900</duration>
						<start>1307376900</start>
					</timePeriod>
					<value>3210</value>
				</IntervalReading>
				<IntervalReading>
					<timePeriod>
						<duration>900</duration>
						<start>1307377800</start>
					</timePeriod>
					<value>3085</value>
				</IntervalReading>
				<IntervalReading>
					<timePeriod>
						<duration>900</duration>
						<start>1307378700</start>
					</timePeriod>
					<value>2805</value>
				</IntervalReading>
				<IntervalReading>
					<timePeriod>
						<duration>900</duration>
						<start>1307379600</start>
					</timePeriod>
					<value>3270</value>
				</IntervalReading>
				<IntervalReading>
					<timePeriod>
						<duration>900</duration>
						<start>1307380500</start>
					</timePeriod>
					<value>2995</value>
				</IntervalReading>
				<IntervalReading>
					<timePeriod>
						<duration>900</duration>
						<start>1307381400</start>
					</timePeriod>
					<value>3165</value>
				</IntervalReading>
				<IntervalReading>
					<timePeriod>
						<duration>900</duration>
						<start>1307382300</start>
					</timePeriod>
					<value>3125</value>
				</IntervalReading>
				<IntervalReading>
					<timePeriod>
						<duration>900</duration>
						<start>1307383200</start>
					</timePeriod>
					<value>2800</value>
				</IntervalReading>
				<IntervalReading>
					<timePeriod>
						<duration>900</duration>
						<start>1307384100</start>
					</timePeriod>
					<value>3070</value>
				</IntervalReading>
				<IntervalReading>
					<timePeriod>
						<duration>900</duration>
						<start>1307385000</start>
					</timePeriod>
					<value>3365</value>
				</IntervalReading>
				<IntervalReading>
					<timePeriod>
						<duration>900</duration>
						<start>1307385900</start>
					</timePeriod>
					<value>2995</value>
				</IntervalReading>
				<IntervalReading>
					<timePeriod>
						<duration>900</duration>
						<start>1307386800</start>
					</timePeriod>
					<value>2970</value>
				</IntervalReading>
				<IntervalReading>
					<timePeriod>
						<duration>900</duration>
						<start>1307387700</start>
					</timePeriod>
					<value>3025</value>
				</IntervalReading>
				<IntervalReading>
					<timePeriod>
						<duration>900</duration>
						<start>1307388600</start>
					</timePeriod>
					<value>3040</value>
				</IntervalReading>
				<IntervalReading>
					<timePeriod>
						<duration>900</duration>
						<start>1307389500</start>
					</timePeriod>
					<value>2930</value>
				</IntervalReading>
				<IntervalReading>
					<timePeriod>
						<duration>900</duration>
						<start>1307390400</start>
					</timePeriod>
					<value>3115</value>
				</IntervalReading>
				<IntervalReading>
					<timePeriod>
						<duration>900</duration>
						<start>1307391300</start>
					</timePeriod>
					<value>3015</value>
				</IntervalReading>
				<IntervalReading>
					<timePeriod>
						<duration>900</duration>
						<start>1307392200</start>
					</timePeriod>
					<value>2950</value>
				</IntervalReading>
				<IntervalReading>
					<timePeriod>
						<duration>900</duration>
						<start>1307393100</start>
					</timePeriod>
					<value>3010</value>
				</IntervalReading>
				<IntervalReading>
					<timePeriod>
						<duration>900</duration>
						<start>1307394000</start>
					</timePeriod>
					<value>3020</value>
				</IntervalReading>
				<IntervalReading>
					<timePeriod>
						<duration>900</duration>
						<start>1307394900</start>
					</timePeriod>
					<value>2660</value>
				</IntervalReading>
				<IntervalReading>
					<timePeriod>
						<duration>900</duration>
						<start>1307395800</start>
					</timePeriod>
					<value>3130</value>
				</IntervalReading>
				<IntervalReading>
					<timePeriod>
						<duration>900</duration>
						<start>1307396700</start>
					</timePeriod>
					<value>2840</value>
				</IntervalReading>
				<IntervalReading>
					<timePeriod>
						<duration>900</duration>
						<start>1307397600</start>
					</timePeriod>
					<value>2540</value>
				</IntervalReading>
				<IntervalReading>
					<timePeriod>
						<duration>900</duration>
						<start>1307398500</start>
					</timePeriod>
					<value>2850</value>
				</IntervalReading>
				<IntervalReading>
					<timePeriod>
						<duration>900</duration>
						<start>1307399400</start>
					</timePeriod>
					<value>2810</value>
				</IntervalReading>
				<IntervalReading>
					<timePeriod>
						<duration>900</duration>
						<start>1307400300</start>
					</timePeriod>
					<value>2975</value>
				</IntervalReading>
				<IntervalReading>
					<timePeriod>
						<duration>900</duration>
						<start>1307401200</start>
					</timePeriod>
					<value>2350</value>
				</IntervalReading>
				<IntervalReading>
					<timePeriod>
						<duration>900</duration>
						<start>1307402100</start>
					</timePeriod>
					<value>2660</value>
				</IntervalReading>
				<IntervalReading>
					<timePeriod>
						<duration>900</duration>
						<start>1307403000</start>
					</timePeriod>
					<value>2630</value>
				</IntervalReading>
				<IntervalReading>
					<timePeriod>
						<duration>900</duration>
						<start>1307403900</start>
					</timePeriod>
					<value>2795</value>
				</IntervalReading>
				<IntervalReading>
					<timePeriod>
						<duration>900</duration>
						<start>1307404800</start>
					</timePeriod>
					<value>940</value>
				</IntervalReading>
				<IntervalReading>
					<timePeriod>
						<duration>900</duration>
						<start>1307405700</start>
					</timePeriod>
					<value>2415</value>
				</IntervalReading>
				<IntervalReading>
					<timePeriod>
						<duration>900</duration>
						<start>1307406600</start>
					</timePeriod>
					<value>1030</value>
				</IntervalReading>
				<IntervalReading>
					<timePeriod>
						<duration>900</duration>
						<start>1307407500</start>
					</timePeriod>
					<value>1010</value>
				</IntervalReading>
				<IntervalReading>
					<timePeriod>
						<duration>900</duration>
						<start>1307408400</start>
					</timePeriod>
					<value>755</value>
				</IntervalReading>
				<IntervalReading>
					<timePeriod>
						<duration>900</duration>
						<start>1307409300</start>
					</timePeriod>
					<value>820</value>
				</IntervalReading>
				<IntervalReading>
					<timePeriod>
						<duration>900</duration>
						<start>1307410200</start>
					</timePeriod>
					<value>1085</value>
				</IntervalReading>
				<IntervalReading>
					<timePeriod>
						<duration>900</duration>
						<start>1307411100</start>
					</timePeriod>
					<value>695</value>
				</IntervalReading>
				<IntervalReading>
					<timePeriod>
						<duration>900</duration>
						<start>1307412000</start>
					</timePeriod>
					<value>1010</value>
				</IntervalReading>
				<IntervalReading>
					<timePeriod>
						<duration>900</duration>
						<start>1307412900</start>
					</timePeriod>
					<value>615</value>
				</IntervalReading>
				<IntervalReading>
					<timePeriod>
						<duration>900</duration>
						<start>1307413800</start>
					</timePeriod>
					<value>595</value>
				</IntervalReading>
				<IntervalReading>
					<timePeriod>
						<duration>900</duration>
						<start>1307414700</start>
					</timePeriod>
					<value>665</value>
				</IntervalReading>
				<IntervalReading>
					<timePeriod>
						<duration>900</duration>
						<start>1307415600</start>
					</timePeriod>
					<value>710</value>
				</IntervalReading>
				<IntervalReading>
					<timePeriod>
						<duration>900</duration>
						<start>1307416500</start>
					</timePeriod>
					<value>525</value>
				</IntervalReading>
				<IntervalReading>
					<timePeriod>
						<duration>900</duration>
						<start>1307417400</start>
					</timePeriod>
					<value>600</value>
				</IntervalReading>
				<IntervalReading>
					<timePeriod>
						<duration>900</duration>
						<start>1307418300</start>
					</timePeriod>
					<value>720</value>
				</IntervalReading>
				<IntervalReading>
					<timePeriod>
						<duration>900</duration>
						<start>1307419200</start>
					</timePeriod>
					<value>550</value>
				</IntervalReading>
				<IntervalReading>
					<timePeriod>
						<duration>900</duration>
						<start>1307420100</start>
					</timePeriod>
					<value>615</value>
				</IntervalReading>
				<IntervalReading>
					<timePeriod>
						<duration>900</duration>
						<start>1307421000</start>
					</timePeriod>
					<value>945</value>
				</IntervalReading>
				<IntervalReading>
					<timePeriod>
						<duration>900</duration>
						<start>1307421900</start>
					</timePeriod>
					<value>830</value>
				</IntervalReading>
				<IntervalReading>
					<timePeriod>
						<duration>900</duration>
						<start>1307422800</start>
					</timePeriod>
					<value>505</value>
				</IntervalReading>
				<IntervalReading>
					<timePeriod>
						<duration>900</duration>
						<start>1307423700</start>
					</timePeriod>
					<value>810</value>
				</IntervalReading>
				<IntervalReading>
					<timePeriod>
						<duration>900</duration>
						<start>1307424600</start>
					</timePeriod>
					<value>540</value>
				</IntervalReading>
				<IntervalReading>
					<timePeriod>
						<duration>900</duration>
						<start>1307425500</start>
					</timePeriod>
					<value>845</value>
				</IntervalReading>
				<IntervalReading>
					<timePeriod>
						<duration>900</duration>
						<start>1307426400</start>
					</timePeriod>
					<value>775</value>
				</IntervalReading>
				<IntervalReading>
					<timePeriod>
						<duration>900</duration>
						<start>1307427300</start>
					</timePeriod>
					<value>765</value>
				</IntervalReading>
				<IntervalReading>
					<timePeriod>
						<duration>900</duration>
						<start>1307428200</start>
					</timePeriod>
					<value>465</value>
				</IntervalReading>
				<IntervalReading>
					<timePeriod>
						<duration>900</duration>
						<start>1307429100</start>
					</timePeriod>
					<value>750</value>
				</IntervalReading>
			</IntervalBlock>
		</content>
		<published>2011-06-06T07:00:00Z</published>
		<updated>2011-06-06T07:00:00Z</updated>
	</entry>
	<!-- 
	=============================================================================
		Usage Point Three: RetailCustomer/4299915/UsagePoint/4284793 
	=============================================================================
	-->
	<entry>
		<id>urn:uuid:11f9c845-51bc-47b3-b93e-73744cf8b9c0</id>
		<link href="RetailCustomer/4299915/UsagePoint/4284794" rel="self"/>
		<link href="RetailCustomer/4299915/UsagePoint" rel="up"/>
		<link href="RetailCustomer/4299915/UsagePoint/4284794/MeterReading" rel="related"/>
		<content>
			<UsagePoint xmlns="http://naesb.org/espi">
				<ServiceCategory>
					<kind>0</kind>
				</ServiceCategory>
				<status>1</status>
			</UsagePoint>
		</content>
		<published>2011-06-06T07:00:00Z</published>
		<updated>2011-06-06T07:00:00Z</updated>
		<title>a galaxy far, far away</title>
	</entry>
	<entry>
		<id>urn:uuid:05f4519e-b23e-450c-8102-a6bb36a89ece</id>
		<title>Energy Consumption - 15 Minutes Interval</title>
		<link href="RetailCustomer/4299915/UsagePoint/4284794/MeterReading/1" rel="self"/>
		<link href="RetailCustomer/4299915/UsagePoint/4284794/MeterReading" rel="up"/>
		<link href="RetailCustomer/4299915/UsagePoint/4284794/MeterReading/1/IntervalBlock" rel="related"/>
		<link href="ReadingType/05" rel="related"/>
		<content>
			<MeterReading xmlns="http://naesb.org/espi"/>
		</content>
		<published>2011-06-06T07:00:00Z</published>
		<updated>2011-06-06T07:00:00Z</updated>
	</entry>
	<entry>
		<id>urn:uuid:05f4519e-b23e-450c-8102-a6bb36a89ece</id>
		<link href="ReadingType/05" rel="self"/>
		<link href="ReadingType" rel="up"/>
		<title>Energy Delivered (kWh)</title>
		<content>
			<ReadingType xmlns="http://naesb.org/espi">
				<accumulationBehaviour>4</accumulationBehaviour>
				<commodity>1</commodity>
				<dataQualifier>0</dataQualifier>
				<flowDirection>19</flowDirection>
				<kind>12</kind>
				<phase>0</phase>
				<powerOfTenMultiplier>0</powerOfTenMultiplier>
				<timeAttribute>2</timeAttribute>
				<uom>72</uom>
			</ReadingType>
		</content>
		<published>2011-06-06T07:00:00Z</published>
		<updated>2011-06-06T07:00:00Z</updated>
	</entry>
	<entry>
		<id>urn:uuid:05f4519e-b23e-450c-8102-a6bb36a89ece</id>
		<link href="RetailCustomer/4299915/UsagePoint/4284794/MeterReading/1/IntervalBlock/0173" rel="self"/>
		<link href="RetailCustomer/4299915/UsagePoint/4284794/MeterReading/1/IntervalBlock" rel="up"/>
		<title/>
		<content>
			<IntervalBlock xmlns="http://naesb.org/espi">
				<interval>
					<duration>86400</duration>
					<start>1307343600</start>
				</interval>
				<IntervalReading>
					<timePeriod>
						<duration>900</duration>
						<start>1307343600</start>
					</timePeriod>
					<value>0</value>
				</IntervalReading>
				<IntervalReading>
					<timePeriod>
						<duration>900</duration>
						<start>1307344500</start>
					</timePeriod>
					<value>0</value>
				</IntervalReading>
				<IntervalReading>
					<timePeriod>
						<duration>900</duration>
						<start>1307345400</start>
					</timePeriod>
					<value>0</value>
				</IntervalReading>
				<IntervalReading>
					<timePeriod>
						<duration>900</duration>
						<start>1307346300</start>
					</timePeriod>
					<value>0</value>
				</IntervalReading>
				<IntervalReading>
					<timePeriod>
						<duration>900</duration>
						<start>1307347200</start>
					</timePeriod>
					<value>0</value>
				</IntervalReading>
				<IntervalReading>
					<timePeriod>
						<duration>900</duration>
						<start>1307348100</start>
					</timePeriod>
					<value>0</value>
				</IntervalReading>
				<IntervalReading>
					<timePeriod>
						<duration>900</duration>
						<start>1307349000</start>
					</timePeriod>
					<value>0</value>
				</IntervalReading>
				<IntervalReading>
					<timePeriod>
						<duration>900</duration>
						<start>1307349900</start>
					</timePeriod>
					<value>0</value>
				</IntervalReading>
				<IntervalReading>
					<timePeriod>
						<duration>900</duration>
						<start>1307350800</start>
					</timePeriod>
					<value>0</value>
				</IntervalReading>
				<IntervalReading>
					<timePeriod>
						<duration>900</duration>
						<start>1307351700</start>
					</timePeriod>
					<value>0</value>
				</IntervalReading>
				<IntervalReading>
					<timePeriod>
						<duration>900</duration>
						<start>1307352600</start>
					</timePeriod>
					<value>0</value>
				</IntervalReading>
				<IntervalReading>
					<timePeriod>
						<duration>900</duration>
						<start>1307353500</start>
					</timePeriod>
					<value>0</value>
				</IntervalReading>
				<IntervalReading>
					<timePeriod>
						<duration>900</duration>
						<start>1307354400</start>
					</timePeriod>
					<value>0</value>
				</IntervalReading>
				<IntervalReading>
					<timePeriod>
						<duration>900</duration>
						<start>1307355300</start>
					</timePeriod>
					<value>0</value>
				</IntervalReading>
				<IntervalReading>
					<timePeriod>
						<duration>900</duration>
						<start>1307356200</start>
					</timePeriod>
					<value>0</value>
				</IntervalReading>
				<IntervalReading>
					<timePeriod>
						<duration>900</duration>
						<start>1307357100</start>
					</timePeriod>
					<value>0</value>
				</IntervalReading>
				<IntervalReading>
					<timePeriod>
						<duration>900</duration>
						<start>1307358000</start>
					</timePeriod>
					<value>0</value>
				</IntervalReading>
				<IntervalReading>
					<timePeriod>
						<duration>900</duration>
						<start>1307358900</start>
					</timePeriod>
					<value>0</value>
				</IntervalReading>
				<IntervalReading>
					<timePeriod>
						<duration>900</duration>
						<start>1307359800</start>
					</timePeriod>
					<value>0</value>
				</IntervalReading>
				<IntervalReading>
					<timePeriod>
						<duration>900</duration>
						<start>1307360700</start>
					</timePeriod>
					<value>0</value>
				</IntervalReading>
				<IntervalReading>
					<timePeriod>
						<duration>900</duration>
						<start>1307361600</start>
					</timePeriod>
					<value>0</value>
				</IntervalReading>
				<IntervalReading>
					<timePeriod>
						<duration>900</duration>
						<start>1307362500</start>
					</timePeriod>
					<value>0</value>
				</IntervalReading>
				<IntervalReading>
					<timePeriod>
						<duration>900</duration>
						<start>1307363400</start>
					</timePeriod>
					<value>0</value>
				</IntervalReading>
				<IntervalReading>
					<timePeriod>
						<duration>900</duration>
						<start>1307364300</start>
					</timePeriod>
					<value>0</value>
				</IntervalReading>
				<IntervalReading>
					<timePeriod>
						<duration>900</duration>
						<start>1307365200</start>
					</timePeriod>
					<value>0</value>
				</IntervalReading>
				<IntervalReading>
					<timePeriod>
						<duration>900</duration>
						<start>1307366100</start>
					</timePeriod>
					<value>0</value>
				</IntervalReading>
				<IntervalReading>
					<timePeriod>
						<duration>900</duration>
						<start>1307367000</start>
					</timePeriod>
					<value>0</value>
				</IntervalReading>
				<IntervalReading>
					<timePeriod>
						<duration>900</duration>
						<start>1307367900</start>
					</timePeriod>
					<value>0</value>
				</IntervalReading>
				<IntervalReading>
					<timePeriod>
						<duration>900</duration>
						<start>1307368800</start>
					</timePeriod>
					<value>0</value>
				</IntervalReading>
				<IntervalReading>
					<timePeriod>
						<duration>900</duration>
						<start>1307369700</start>
					</timePeriod>
					<value>0</value>
				</IntervalReading>
				<IntervalReading>
					<timePeriod>
						<duration>900</duration>
						<start>1307370600</start>
					</timePeriod>
					<value>0</value>
				</IntervalReading>
				<IntervalReading>
					<timePeriod>
						<duration>900</duration>
						<start>1307371500</start>
					</timePeriod>
					<value>0</value>
				</IntervalReading>
				<IntervalReading>
					<timePeriod>
						<duration>900</duration>
						<start>1307372400</start>
					</timePeriod>
					<value>0</value>
				</IntervalReading>
				<IntervalReading>
					<timePeriod>
						<duration>900</duration>
						<start>1307373300</start>
					</timePeriod>
					<value>0</value>
				</IntervalReading>
				<IntervalReading>
					<timePeriod>
						<duration>900</duration>
						<start>1307374200</start>
					</timePeriod>
					<value>0</value>
				</IntervalReading>
				<IntervalReading>
					<timePeriod>
						<duration>900</duration>
						<start>1307375100</start>
					</timePeriod>
					<value>0</value>
				</IntervalReading>
				<IntervalReading>
					<timePeriod>
						<duration>900</duration>
						<start>1307376000</start>
					</timePeriod>
					<value>0</value>
				</IntervalReading>
				<IntervalReading>
					<timePeriod>
						<duration>900</duration>
						<start>1307376900</start>
					</timePeriod>
					<value>0</value>
				</IntervalReading>
				<IntervalReading>
					<timePeriod>
						<duration>900</duration>
						<start>1307377800</start>
					</timePeriod>
					<value>0</value>
				</IntervalReading>
				<IntervalReading>
					<timePeriod>
						<duration>900</duration>
						<start>1307378700</start>
					</timePeriod>
					<value>0</value>
				</IntervalReading>
				<IntervalReading>
					<timePeriod>
						<duration>900</duration>
						<start>1307379600</start>
					</timePeriod>
					<value>0</value>
				</IntervalReading>
				<IntervalReading>
					<timePeriod>
						<duration>900</duration>
						<start>1307380500</start>
					</timePeriod>
					<value>0</value>
				</IntervalReading>
				<IntervalReading>
					<timePeriod>
						<duration>900</duration>
						<start>1307381400</start>
					</timePeriod>
					<value>0</value>
				</IntervalReading>
				<IntervalReading>
					<timePeriod>
						<duration>900</duration>
						<start>1307382300</start>
					</timePeriod>
					<value>0</value>
				</IntervalReading>
				<IntervalReading>
					<timePeriod>
						<duration>900</duration>
						<start>1307383200</start>
					</timePeriod>
					<value>0</value>
				</IntervalReading>
				<IntervalReading>
					<timePeriod>
						<duration>900</duration>
						<start>1307384100</start>
					</timePeriod>
					<value>0</value>
				</IntervalReading>
				<IntervalReading>
					<timePeriod>
						<duration>900</duration>
						<start>1307385000</start>
					</timePeriod>
					<value>0</value>
				</IntervalReading>
				<IntervalReading>
					<timePeriod>
						<duration>900</duration>
						<start>1307385900</start>
					</timePeriod>
					<value>0</value>
				</IntervalReading>
				<IntervalReading>
					<timePeriod>
						<duration>900</duration>
						<start>1307386800</start>
					</timePeriod>
					<value>0</value>
				</IntervalReading>
				<IntervalReading>
					<timePeriod>
						<duration>900</duration>
						<start>1307387700</start>
					</timePeriod>
					<value>0</value>
				</IntervalReading>
				<IntervalReading>
					<timePeriod>
						<duration>900</duration>
						<start>1307388600</start>
					</timePeriod>
					<value>0</value>
				</IntervalReading>
				<IntervalReading>
					<timePeriod>
						<duration>900</duration>
						<start>1307389500</start>
					</timePeriod>
					<value>0</value>
				</IntervalReading>
				<IntervalReading>
					<timePeriod>
						<duration>900</duration>
						<start>1307390400</start>
					</timePeriod>
					<value>0</value>
				</IntervalReading>
				<IntervalReading>
					<timePeriod>
						<duration>900</duration>
						<start>1307391300</start>
					</timePeriod>
					<value>0</value>
				</IntervalReading>
				<IntervalReading>
					<timePeriod>
						<duration>900</duration>
						<start>1307392200</start>
					</timePeriod>
					<value>0</value>
				</IntervalReading>
				<IntervalReading>
					<timePeriod>
						<duration>900</duration>
						<start>1307393100</start>
					</timePeriod>
					<value>0</value>
				</IntervalReading>
				<IntervalReading>
					<timePeriod>
						<duration>900</duration>
						<start>1307394000</start>
					</timePeriod>
					<value>0</value>
				</IntervalReading>
				<IntervalReading>
					<timePeriod>
						<duration>900</duration>
						<start>1307394900</start>
					</timePeriod>
					<value>0</value>
				</IntervalReading>
				<IntervalReading>
					<timePeriod>
						<duration>900</duration>
						<start>1307395800</start>
					</timePeriod>
					<value>0</value>
				</IntervalReading>
				<IntervalReading>
					<timePeriod>
						<duration>900</duration>
						<start>1307396700</start>
					</timePeriod>
					<value>0</value>
				</IntervalReading>
				<IntervalReading>
					<timePeriod>
						<duration>900</duration>
						<start>1307397600</start>
					</timePeriod>
					<value>0</value>
				</IntervalReading>
				<IntervalReading>
					<timePeriod>
						<duration>900</duration>
						<start>1307398500</start>
					</timePeriod>
					<value>0</value>
				</IntervalReading>
				<IntervalReading>
					<timePeriod>
						<duration>900</duration>
						<start>1307399400</start>
					</timePeriod>
					<value>0</value>
				</IntervalReading>
				<IntervalReading>
					<timePeriod>
						<duration>900</duration>
						<start>1307400300</start>
					</timePeriod>
					<value>0</value>
				</IntervalReading>
				<IntervalReading>
					<timePeriod>
						<duration>900</duration>
						<start>1307401200</start>
					</timePeriod>
					<value>0</value>
				</IntervalReading>
				<IntervalReading>
					<timePeriod>
						<duration>900</duration>
						<start>1307402100</start>
					</timePeriod>
					<value>0</value>
				</IntervalReading>
				<IntervalReading>
					<timePeriod>
						<duration>900</duration>
						<start>1307403000</start>
					</timePeriod>
					<value>0</value>
				</IntervalReading>
				<IntervalReading>
					<timePeriod>
						<duration>900</duration>
						<start>1307403900</start>
					</timePeriod>
					<value>0</value>
				</IntervalReading>
				<IntervalReading>
					<timePeriod>
						<duration>900</duration>
						<start>1307404800</start>
					</timePeriod>
					<value>0</value>
				</IntervalReading>
				<IntervalReading>
					<timePeriod>
						<duration>900</duration>
						<start>1307405700</start>
					</timePeriod>
					<value>0</value>
				</IntervalReading>
				<IntervalReading>
					<timePeriod>
						<duration>900</duration>
						<start>1307406600</start>
					</timePeriod>
					<value>0</value>
				</IntervalReading>
				<IntervalReading>
					<timePeriod>
						<duration>900</duration>
						<start>1307407500</start>
					</timePeriod>
					<value>0</value>
				</IntervalReading>
				<IntervalReading>
					<timePeriod>
						<duration>900</duration>
						<start>1307408400</start>
					</timePeriod>
					<value>0</value>
				</IntervalReading>
				<IntervalReading>
					<timePeriod>
						<duration>900</duration>
						<start>1307409300</start>
					</timePeriod>
					<value>0</value>
				</IntervalReading>
				<IntervalReading>
					<timePeriod>
						<duration>900</duration>
						<start>1307410200</start>
					</timePeriod>
					<value>0</value>
				</IntervalReading>
				<IntervalReading>
					<timePeriod>
						<duration>900</duration>
						<start>1307411100</start>
					</timePeriod>
					<value>0</value>
				</IntervalReading>
				<IntervalReading>
					<timePeriod>
						<duration>900</duration>
						<start>1307412000</start>
					</timePeriod>
					<value>0</value>
				</IntervalReading>
				<IntervalReading>
					<timePeriod>
						<duration>900</duration>
						<start>1307412900</start>
					</timePeriod>
					<value>0</value>
				</IntervalReading>
				<IntervalReading>
					<timePeriod>
						<duration>900</duration>
						<start>1307413800</start>
					</timePeriod>
					<value>0</value>
				</IntervalReading>
				<IntervalReading>
					<timePeriod>
						<duration>900</duration>
						<start>1307414700</start>
					</timePeriod>
					<value>0</value>
				</IntervalReading>
				<IntervalReading>
					<timePeriod>
						<duration>900</duration>
						<start>1307415600</start>
					</timePeriod>
					<value>0</value>
				</IntervalReading>
				<IntervalReading>
					<timePeriod>
						<duration>900</duration>
						<start>1307416500</start>
					</timePeriod>
					<value>0</value>
				</IntervalReading>
				<IntervalReading>
					<timePeriod>
						<duration>900</duration>
						<start>1307417400</start>
					</timePeriod>
					<value>0</value>
				</IntervalReading>
				<IntervalReading>
					<timePeriod>
						<duration>900</duration>
						<start>1307418300</start>
					</timePeriod>
					<value>0</value>
				</IntervalReading>
				<IntervalReading>
					<timePeriod>
						<duration>900</duration>
						<start>1307419200</start>
					</timePeriod>
					<value>0</value>
				</IntervalReading>
				<IntervalReading>
					<timePeriod>
						<duration>900</duration>
						<start>1307420100</start>
					</timePeriod>
					<value>0</value>
				</IntervalReading>
				<IntervalReading>
					<timePeriod>
						<duration>900</duration>
						<start>1307421000</start>
					</timePeriod>
					<value>0</value>
				</IntervalReading>
				<IntervalReading>
					<timePeriod>
						<duration>900</duration>
						<start>1307421900</start>
					</timePeriod>
					<value>0</value>
				</IntervalReading>
				<IntervalReading>
					<timePeriod>
						<duration>900</duration>
						<start>1307422800</start>
					</timePeriod>
					<value>0</value>
				</IntervalReading>
				<IntervalReading>
					<timePeriod>
						<duration>900</duration>
						<start>1307423700</start>
					</timePeriod>
					<value>0</value>
				</IntervalReading>
				<IntervalReading>
					<timePeriod>
						<duration>900</duration>
						<start>1307424600</start>
					</timePeriod>
					<value>0</value>
				</IntervalReading>
				<IntervalReading>
					<timePeriod>
						<duration>900</duration>
						<start>1307425500</start>
					</timePeriod>
					<value>0</value>
				</IntervalReading>
				<IntervalReading>
					<timePeriod>
						<duration>900</duration>
						<start>1307426400</start>
					</timePeriod>
					<value>0</value>
				</IntervalReading>
				<IntervalReading>
					<timePeriod>
						<duration>900</duration>
						<start>1307427300</start>
					</timePeriod>
					<value>0</value>
				</IntervalReading>
				<IntervalReading>
					<timePeriod>
						<duration>900</duration>
						<start>1307428200</start>
					</timePeriod>
					<value>0</value>
				</IntervalReading>
				<IntervalReading>
					<timePeriod>
						<duration>900</duration>
						<start>1307429100</start>
					</timePeriod>
					<value>0</value>
				</IntervalReading>
			</IntervalBlock>
		</content>
		<published>2011-06-06T07:00:00Z</published>
		<updated>2011-06-06T07:00:00Z</updated>
	</entry>
</feed>
