<?xml version="1.0" encoding="UTF-8"?>
<!-- edited with XMLSpy v2012 rel. 2 sp1 (x64) (http://www.altova.com) by Ronald Pasquarelli (Rhythmic Software LLC) -->
<!--Sample XML file generated by XMLSpy v2012 rel. 2 (x64) (http://www.altova.com)-->
<TariffProfile href="http://www.altova.com" xsi:schemaLocation="http://zigbee.org/sep tariff.xsd" xmlns="http://zigbee.org/sep" xmlns:xsi="http://www.w3.org/2001/XMLSchema-instance">
	<mRID>urn:uuid:DB9C0251-ABD3-4B94-8887-2579E2C09996</mRID>
	<description>Sample Tariff for Block and Tier</description>
	<currency>840</currency>
	<pricePowerOfTenMultiplier>-5</pricePowerOfTenMultiplier>
	<localTimeParameters>
		<mRID>urn:uuid:DB9C0251-ABD3-4B94-8887-2579E2C09996</mRID>
		<dstEndRule>B40E2004</dstEndRule>
		<dstOffset>3600</dstOffset>
		<dstStartRule>360E2004</dstStartRule>
		<tzOffset>-18000</tzOffset>
	</localTimeParameters>
	<primacy>255</primacy>
	<rateCode>12345</rateCode>
	<serviceCategoryKind>0</serviceCategoryKind>
	<rateComponent>
		<mRID>urn:uuid:DB9C0251-ABD3-4B94-8887-2579E2C09996</mRID>
		<roleFlags/>
		<readingType>
			<mRID>urn:uuid:DB9C0251-ABD3-4B94-8887-2579E2C09996</mRID>
			<accumulationBehaviour>4</accumulationBehaviour>
			<commodity>1</commodity>
			<dataQualifier>12</dataQualifier>
			<flowDirection>1</flowDirection>
			<intervalLength>86400</intervalLength>
			<kind>12</kind>
			<phase>769</phase>
			<powerOfTenMultiplier>3</powerOfTenMultiplier>
			<uom>72</uom>
			<numberOfConsumptionBlocks>5</numberOfConsumptionBlocks>
			<numberOfTouTiers>3</numberOfTouTiers>
			<subIntervalLength>3600</subIntervalLength>
			<tieredConsumptionBlocks>true</tieredConsumptionBlocks>
		</readingType>
		<timeTariffInterval>
			<mRID>urn:uuid:DB9C0251-ABD3-4B94-8887-2579E2C09996</mRID>
			<description>Off Peak</description>
			<creationTime>1344754800</creationTime>
			<EventStatus>
				<dateTime>1344754800</dateTime>
				<potentiallySuperseded>false</potentiallySuperseded>
				<type>1</type>
			</EventStatus>
			<interval>
				<duration>28800</duration>
				<start>1344754800</start>
			</interval>
			<randomizeDuration>0</randomizeDuration>
			<randomizeStart>0</randomizeStart>
			<touTier>1</touTier>
			<consumptionTariffInterval>
				<consumptionBlock>1</consumptionBlock>
				<price>22</price>
				<startValue>0</startValue>
			</consumptionTariffInterval>
			<consumptionTariffInterval>
				<consumptionBlock>2</consumptionBlock>
				<price>24</price>
				<startValue>150</startValue>
			</consumptionTariffInterval>
			<consumptionTariffInterval>
				<consumptionBlock>3</consumptionBlock>
				<price>33</price>
				<startValue>250</startValue>
			</consumptionTariffInterval>
			<consumptionTariffInterval>
				<consumptionBlock>4</consumptionBlock>
				<price>37</price>
				<startValue>300</startValue>
			</consumptionTariffInterval>
			<consumptionTariffInterval>
				<consumptionBlock>5</consumptionBlock>
				<price>40</price>
				<startValue>350</startValue>
			</consumptionTariffInterval>
		</timeTariffInterval>
		<timeTariffInterval>
			<mRID>urn:uuid:DB9C0251-ABD3-4B94-8887-2579E2C09996</mRID>
			<description>Mid Peak</description>
			<creationTime>1344754800</creationTime>
			<EventStatus>
				<dateTime>1344754800</dateTime>
				<potentiallySuperseded>false</potentiallySuperseded>
				<type>1</type>
			</EventStatus>
			<interval>
				<duration>7200</duration>
				<start>1344783600</start>
			</interval>
			<randomizeDuration>0</randomizeDuration>
			<randomizeStart>0</randomizeStart>
			<touTier>2</touTier>
			<consumptionTariffInterval>
				<consumptionBlock>1</consumptionBlock>
				<price>32</price>
				<startValue>0</startValue>
			</consumptionTariffInterval>
			<consumptionTariffInterval>
				<consumptionBlock>2</consumptionBlock>
				<price>34</price>
				<startValue>150</startValue>
			</consumptionTariffInterval>
			<consumptionTariffInterval>
				<consumptionBlock>3</consumptionBlock>
				<price>43</price>
				<startValue>250</startValue>
			</consumptionTariffInterval>
			<consumptionTariffInterval>
				<consumptionBlock>4</consumptionBlock>
				<price>47</price>
				<startValue>300</startValue>
			</consumptionTariffInterval>
			<consumptionTariffInterval>
				<consumptionBlock>5</consumptionBlock>
				<price>50</price>
				<startValue>350</startValue>
			</consumptionTariffInterval>
		</timeTariffInterval>
		<timeTariffInterval>
			<mRID>urn:uuid:DB9C0251-ABD3-4B94-8887-2579E2C09996</mRID>
			<description>On Peak</description>
			<creationTime>1344754800</creationTime>
			<EventStatus>
				<dateTime>1344754800</dateTime>
				<potentiallySuperseded>false</potentiallySuperseded>
				<type>1</type>
			</EventStatus>
			<interval>
				<duration>28800</duration>
				<start>1344790800</start>
			</interval>
			<randomizeDuration>0</randomizeDuration>
			<randomizeStart>0</randomizeStart>
			<touTier>3</touTier>
			<consumptionTariffInterval>
				<consumptionBlock>1</consumptionBlock>
				<price>52</price>
				<startValue>0</startValue>
			</consumptionTariffInterval>
			<consumptionTariffInterval>
				<consumptionBlock>2</consumptionBlock>
				<price>54</price>
				<startValue>150</startValue>
			</consumptionTariffInterval>
			<consumptionTariffInterval>
				<consumptionBlock>3</consumptionBlock>
				<price>73</price>
				<startValue>250</startValue>
			</consumptionTariffInterval>
			<consumptionTariffInterval>
				<consumptionBlock>4</consumptionBlock>
				<price>77</price>
				<startValue>300</startValue>
			</consumptionTariffInterval>
			<consumptionTariffInterval>
				<consumptionBlock>5</consumptionBlock>
				<price>80</price>
				<startValue>350</startValue>
			</consumptionTariffInterval>
		</timeTariffInterval>
		<timeTariffInterval>
			<mRID>urn:uuid:DB9C0251-ABD3-4B94-8887-2579E2C09996</mRID>
			<description>Mid Peak</description>
			<creationTime>1344754800</creationTime>
			<EventStatus>
				<dateTime>1344754800</dateTime>
				<potentiallySuperseded>false</potentiallySuperseded>
				<type>1</type>
			</EventStatus>
			<interval>
				<duration>21600</duration>
				<start>1344819600</start>
			</interval>
			<randomizeDuration>0</randomizeDuration>
			<randomizeStart>0</randomizeStart>
			<touTier>2</touTier>
			<consumptionTariffInterval>
				<consumptionBlock>1</consumptionBlock>
				<price>32</price>
				<startValue>0</startValue>
			</consumptionTariffInterval>
			<consumptionTariffInterval>
				<consumptionBlock>2</consumptionBlock>
				<price>34</price>
				<startValue>150</startValue>
			</consumptionTariffInterval>
			<consumptionTariffInterval>
				<consumptionBlock>3</consumptionBlock>
				<price>43</price>
				<startValue>250</startValue>
			</consumptionTariffInterval>
			<consumptionTariffInterval>
				<consumptionBlock>4</consumptionBlock>
				<price>47</price>
				<startValue>300</startValue>
			</consumptionTariffInterval>
			<consumptionTariffInterval>
				<consumptionBlock>5</consumptionBlock>
				<price>50</price>
				<startValue>350</startValue>
			</consumptionTariffInterval>
		</timeTariffInterval>
	</rateComponent>
</TariffProfile>
